line_index,obscene_score,aave_text,sae_text
253,0.9935,YOU LIVE IN A FAIRYTALE WORLD. EVERYTHING AIN'T PERFECT. . I DON'T GET NO HAND OUTS. FUCK THAT. SOMEBODYGIVE ME SOME FREE SHIT.,You live in a fairy tale  world. Everything isn't perfect. I don't get anything for free. Fuck that. Somebodygive me some free shit.
18,0.9932,"I JUST WANNA FUCK YO BESTFRIEND FOR ONE NITE ONLI, ONLI AND WHEN I FUCK YO BESTFRIEND U BET NOT FUCK MY HOMIE","I just want to fuck your best friend for one night only, and when I fuck your best friend, youbetter not fuck my friend"
1437,0.9932,"I know there's a name, gotta be a name for this shit . . I just don't know what, don't know whatto call it!"" My shit","I know there's a name, gotta be a name for this shit... I just don't know whatto call it! My shit"
1521,0.9911,That Shit Was Foul As'f! My ass was cryinggg & them folkss didnt have tosay shit us! Fuckedd Up,That shit was as foul as fuck! I was crying and those people didn't have to say shit to us! Fucked up
100,0.9909,My mom blows the fuck out of me at times... Fuck my lifehave to harder for? Damn,My mother disappoints me sometimes...why does my lifehave to be harder? gosh.
1476,0.9905,WHAT WHO DIS TAMAR OH HELL KNOW STOP HATE ON HER DAMN TEAMTAMARA. STAND. THE FUCK UP,"Who is Tamara? Oh, stop hating on her teamTamara. Stand up"
102,0.9900,I got the jack wat else I need sugar wats dem pebblesthat be in that shit,I got the jack. What else do I need? I need sugar and pebbles.That is in it
1425,0.9900,MASS APPEAL GO HARD DAT SHIT GO DUMB! DATS WAT THE FUCK I'M TAMBOUT CASS KEEP SPAZZIN ON D'S GOOFAS FUCK NIGGAS ECSP WK-MZ,"Mass appeal, be aggressive! That situation is stupid. That's what the fuck I'm talking about. Cass keeps overreacting to D's mistake so much, black people, especially WK-MZ"
354,0.9899,"I dnt do that subtweetin shit, the shit I got to say ain't got shit todo wit anyone on twitter","I don't do that subtweet shit, the shit I have to say doesn't have shit todo with anyone on Twitter"
1099,0.9898,I didn't try to hold your hand g. I HELD that shit. Just likehow I grabbed that ass,"I didn't try to hold your hand, dude. I held that shit, just likehow I grabbed that ass"
1533,0.9897,Bitches get fucked on the roof when I aint got nohotel doe ~ Big L,I have sex with girls on the roof when I don't have anymoney for a hotel room - Big 
1407,0.9895,damn.. so what Jalen have to do wit it cuz I thought he jus wasjus doing the loud thing,Damn.. So what did Jalen have to do with it because I thought he was justJust doing the loud thin
1950,0.9893,Ugh....ppl kill me when they say some shit and u speak on it but theyget attitudlem bout the shit,"People kill me when they say some shit and you speak about it, but theyget an attitude about it"
516,0.9891,Damn who runs to there ex mate everytime sumthin goes wrong in yo current relationshipwhere they do dat at,Damn!  Who runs to his ex every time something goes wrong in his current relationship?Where do they do that
3,0.9890,Shit I Am Who Am..Fresh up out of Apologize..I'm Doing It For SHAQ & My KIDS That's MY ATTITUDE THIS YEAROR MOVE THE FUCK AROUND,"Shit, I am who I am. I'm done apologizing. I'm doing it for Shaq and my kids, that's my attitude this yearand if you don't like it, get out"
1544,0.9889,"We do this EVERY summer jam. Think of scenarios where Hov can come out.We used to this shit.""",We do this every Summer Jam. Think of scenarios where Jay-Z can come out. We are used to this shit.
1857,0.9889,"Cookout get the fuck on with that ""my pleasure"" shit... That'sfor Chik Fil a only.","Cookout. Seriously, stop with saying \""my pleasure.\"" That'sfor Chick-fil-a only"
993,0.9888,We wasn't on some fuck youtube shit! We traveled talked shit andgot to know the bruhz!,"We were not saying, \""Fuck youtube.\"" We traveled, talked to people, and got to know those people"
1902,0.9886,"Been waiting on phone call for TWO days...damn!"" It's safe tosay they not calling lol","\""Been waiting for a phone call for two days, damn!\"" It's safe tosay they're not going to call, and I'm laughing"
1474,0.9885,If Larry Langford wasn't in prison he woulda built that shit himself. Lol dudebelieved in making shit happen,larry Langford would have built that himserlf if he wasn't in prison. laugh out loud hebelieved in doing thing
1530,0.9885,WHY DO YOU FEEL THE NEED TO TALK ON THE SPEAKER PHONE WTF I DON'T NEED TO HEARYOUR DAMN CONVO FUCKING LAME,"Why do you feel the need to talk on the speaker phone? What the fuck, I don't need to hearyour damn conversation. Fucking lame"
817,0.9884,aye KID idk who house u be at sitting all over theirfurniture and shit lol lol,Hey man whose house are you spending your time at and sitting on theirfurniture and whatnot hahah
750,0.9882,My bitch said boy u got a shoe fetish u ain't got 2 buyem cause they come out,"My Bitch said \""Boy, you got a shoe fetish you do not have to buythem because they come out.\"
422,0.9879,"Kobe need 2 keep gum in his damn mouth..lmao. Let me get off Kobe,he still got dat shit.","Kobe needs to keep the gum in his mouth. I laugh about it, but let me move on from him.He is still just as talented"
1252,0.9878,Some people in this world hate others for no reason that'swhy I say fuck em,"Some people in this world hate others for no reason. That'swhy I say, \""fuck them\"""
1838,0.9877,"my shit is ""Streets Made of Gold"" he went in on that one.""<<Oh Yea that song I puton repeat when I'm riding","My shit is \""Streets Made of Gold.\"" He went in on that one.It is on repeat when I am riding."
433,0.9876,"---> At work: Damn it’s only 1 o’clock?!?! At home on your day off:Damn its already 1 o’clock?!?!?""","At work: Damn, it's only 1 o'clock?! At home on your day off:Damn, it's already 1 o'clock?"
1354,0.9876,lol your welcome .....and besides u not mentally ready if I did fuck u.....mfs gonebe mind blown fuck sprung,"That's funny. You're welcome. And besides, you're not mentally ready if I did mess with you. That guy's goingto be very confused"
1491,0.9875,"he happy as shit he got a phone gon tell me ""bitch you got my number"" i waslike he happy as shot","He’s happy as shit that he got a phone. He told me “bitch, you got my number”. I waslike he’s happy as shit."
654,0.9875,"I'm happy is shit. Dem new SHOES that just came out bout tobe on my feet!!-fck yea,,,",I'm happy as shit. These new shoes that just came out are about tobe on my feet! Fuck yeah
1887,0.9870,Im lowkey about to pass out on my couch... But before i do cani talk my shit twitter,"I'm kind of about to pass out on my couch... But before I do, canI say the shit I wanna say, Twitter"
1679,0.9869,Ion really believe shit people say I just been lied to so many times It'slike Fuck dat.Trust no one,"Ion really trusts what people say I've just been lied to so many times it'slike damn it, don't trust anyone"
1997,0.9869,U aint the shit until a Femme have u on they radar to provide herand her mate a child...,You haven’t reached your full potential until a lesbian is considering asking you to be the sperm donor forher and her partner to have a child.
132,0.9868,Fucking WhERE?!!!! T So its a store that will sell U 4fifth of Patron for 49.99,Fucking where is it? So it's a store that will sell you fourfifths of Patron for $49.99.
1293,0.9867,"And you ""I cant wait till shit blows over so I can get back to jokes and bullshit..."" types arereally irking my damm soul","And the people who say, \""I can't wait until shit blows over so I can get back to jokes and bullshit,\"" are really irking my damn soul"
1564,0.9867,"Lmaoooo ,nawl hoe ,yeen smackin shit ,only one touchin my ass is KENDRAVIUS , && hoemy ass aint sloppy neither","Laughing my ass off, no, whore, you're talking shit. The only one touching my ass is Kendravius and, whore,my ass isn't sloppy either"
136,0.9866,we aint going for that fam. My kid gonna get ALL the cool shit...cuz Daddy and Mommy workshard as shit for it.,We're not going for that family. My kid is going to get all the cool shit...because Daddy and Mommy work hard as shit for it.
1087,0.9864,If u tryin sell a iPhone call ur community CARRYOUT theywill geek off that shit,"If you are trying to sell an iPhone, call your community \""CARRYOUT\"", theywill really enjoy that shit"
634,0.9861,Vic fuckin my old bitch nunu she acting like she didn't fuck him bitch that's my Brova u thinkhe not gonna tell me,"Vic is fucking my old bitch, Nunu. She's acting like she didn't fuck him. Bitch, that's my friend, you thinkhe isn't going to tell me"
296,0.9861,With my new bitch rite now I like her style cuz treat me Betta and fuck meBetta we on another level,With my new girlfriend right now. I like her style because she treats me better and fucks me better. We are on another level.
472,0.9860,This is fuck shit dats gonna get 49ers some wind back...Iseen these liteskin tricks before!,The 49ers are going to get some momentum back with this.I have seen those actions from white people before.
1981,0.9860,good shit...I den got back 2 to it...I did a nakid jumping jacklast month and felt sumthing...,Great. I then got back to it. I did a naked jumping jacklast month and felt something.
735,0.9858,merchhhh u can . Awee nd go talk to dhat lil bitchdat wanna fuck widdchuu !!!,Merch u can. And go talk to that little bitchthat wants to fuck with you
771,0.9858,People Be Like I Kan Draw!!!!WTF This A Damn Stick Figure....Response: Best OneEver....Me: Shiiidd...Response: Nigga Fuck You,"People tell me I can draw. What the fuck. This is a damn stick figure. They tell me, \""This is the best oneever!\"". I say, \""shit.\"" They respond, \""Fuck you.\"
1206,0.9854,This show is all about what you talked about with another bitch at anotherrestaurant or park. The fuck,This show is exactly within the context of what you spoke on with another woman at anotherrestaurant or park. What the heck
265,0.9854,This shit is hilarious tho. When somebody calls you on your shitjust own up to it.,This shit is hilarious though. When somebody calls you on your shitjust own up to it.
1026,0.9853,I Remember My Past How I Used To Let Shit Disappoint Me Fast But Now I'm Like Fuck It Shidd IGot Ca$h Ta Count Nbs.!,"I remember my past and how I used to let shit disappoint me quickly. But now, I am like, \""Fuck it. Shit, I have cash that counts. No big deal!\"
110,0.9851,Bout to see like 40 plates on the gram get meheated I'm starving like shit,I'm about to look at forty meals on instagram that will get meexcited. I'm starving. Damn.
844,0.9850,"aye real shit, Matt Schaub is not a accurate QB in myopinion. Just watch this game","Seriously, Matt Schaub is not an accurate quarterback in myopinion. Just watch this game"
1660,0.9850,I wish would have a groove so I can randomly rollthru..talk my shit and leave.,I would loe to have a routine so I can get into a processjust walk through my platform and leave.
1457,0.9849,"I agree, fuck and get back to ya side of bed.Its 2 hot 4 dat!","I agree, fuck this and get back to your side of the bed.It's too hot for that"
1271,0.9848,"I need a sugar daddy!"" they take good care of u ""that's Wht I hear! Shit",I need a sugar daddy! They take good care of you.That's what I hear! Shit
739,0.9846,Fuck That You Win Some And Lose Some And This Time Shid I LostThe Love Of My Life,"Fuck that. You win some, you lose some. And this time, shit, I lostthe love of my life"
1702,0.9845,"Sometimes the shit you fuck with, is just not what mylife needs to fuck with.",When you try to start issues. I dont need to be involved.
558,0.9845,Soo bob are you with that shit? Lls! You fuck with Boney back ass Iesha beforeyou fuck with me? Respect,"So, Bob, are you with that shit? I am laughing like shit! If you fuck with bony-back-ass Lesha beforeyou fuck with me, then respect"
1597,0.9845,"""Nas heard your single and he hate that shit"""""" I sure hedoesn't care Wht u think","Nas heard your single, and he hates it. I'm sure he doesn't care what you think."
1058,0.9844,"""BITCH I HOPE THE FUCK U DO YOU'LL BE A DEAD SON OF AH BITCHILL TELL YEW DET!!"" LMFAOOOOOOOOOOOOOO","Bitch, I fucking hope you do. You'll be a dead son of a bitch,I'll tell you that! I'm laughing"
697,0.9844,It aint Fuck dude...but more so I don't understand the process of Mentoring...why I gotta tell uwhat u need to do?,"It's not fuck, dude...but more so I don't understand the process of mentoring. Why do I have to tell youwhat you need to do"
242,0.9843,"Smph ""Put a MOLLY in dat bitch drink nd she ain even knw it""realli like that's crazy shit!","Shake my head \""Put a molly in that bitch's drink and she doesn't even know it\""really like that's crazy shit"
1813,0.9842,… The Mfers I Fucked w/ In My Grammar && Middle School Daysx I Don't Even Fuck w/ Now . Mfers Den Changed ! ButFuck Em I'm Makin $$$,"The people that I hung out in high school and middle school days, I don't even talk to now. They changed. But they don't matter, I'm making money."
330,0.9841,Fuck top dog give me that underdog status..Made it from the bottom tothe top so what's trappin,"Fuck, top dog giving me that underdog status... Made it from the bottom tothe top, so what's happening"
167,0.9840,It can pan out tho...but dat later in life leap of faith shit is NOT the groove...fuck around andbe damaged goods by 34,"It can pan out though, but that later-in-life leap of faith shit is not the right idea. Date aroundand you will be damaged goods by 34."
1764,0.9839,"I'm so fucking,(irratated)like everybody is fucking blowing Da shit out ofmy Life#im done say nomore:-(","I'm so fucking irritated. Everybody is fucking blowing the shit out ofmy life. I'm done, say no more"
1200,0.9838,I hat when a bitch txt me an ask me when I'm cme see her and I say u tel me and she say idk bitch why df u txt me forhoe fuck my whole day,"I hate when a bitch texts me and asks me when I'm going to come see her, and I say, \""You tell me,\"" and she says, \""I don't know.\"" Bitch, why the fuck did you text me?Whore, fuck, my whole day is ruined"
260,0.9837,"That's how it's fucking done MIAMIII!!!!! Lebron, you FUCKING beast!!!! Gohome pacers! Fuck outta heaaaaaaa","That is how you do it, Miami! Lebron, you are a beast! Go home, Pacers! Leave"
630,0.9837,My next bitch will not smoke iont even smoke so why would I wantyo stank breath ass to,"My next girlfriend will not smoke.  I don't even smoke, so why would I wantyou, with your terrible bad breath, to smoke"
1083,0.9836,Dum bitch jus said damn tyga been text Gucci earlier... You dum bitch tyga on the westcoast... Smfh I'm done yo,"That dumb bitch just said damn, Tyga was texting Gucci earlier. You dumb bitch Tyga on the WestCoast... I'm shaking my head, I'm done"
423,0.9834,Im Honest About Shit It Aint NoReason To Lie Be Grown BoutThe Shit I Hate Liars,"I am honest about shit; there is no reason to lie. Be grown about it. Shit, I hate liars"
1157,0.9833,"Take me for who I am if you don't like itsuck my dick...."" Well damn","Take me for who I am, if you do not like itsuck my dick. Well, damn"
1339,0.9832,"Im tryna take this shit over next year.. I got a plan!""Aye Bro you still SSU","I'm trying to take this shit over next year. I have a plan!Hey bro, are you still sunny side up"
94,0.9831,Gatorade and powerade use to be so nasty to me butnow I luh Dat shit,Gatorade and Powerade used to be so nasty to me butnow I love that shit.
101,0.9831,"boy teya tryin go see granny, & shit. Ima see doe, imahit ur boost!"" No questions","Boy, Teya is trying to see granny and such. I'm going to see though, i'm going tohit your boost! No questions"
909,0.9830,"Feel like shit, but talking to my babe, made my daymuch better I love him...","I feel like shit, but talking to my boyfriend, it made my daymuch better. I love him"
1470,0.9830,Be commenting on my ig pics but wen yu see me in streets u act like yu Neva seen me lls... These social networksmake ppl weird ass shit!!,"You comment on my Instagram pictures but when you see me in public, you act like you never seen me. These social networksmake people weird"
998,0.9830,Damn. I haven't been on Twitter in a long time letme see what's going on,"Man, I haven't been on Twitter in a long time letme see what's going on"
1416,0.9828,"Fuck I look like , & I bet my mom won'tsay shit about it .","Who do I look like, and I don't think my mom willsay anything about it"
449,0.9826,I got clothes. I got hella shit. I just choose to look like abum 96% of the time,I have clothes. I have a lot of shit. I just choose to look like a bum 96% of the time
1592,0.9824,"""I knew ppl was gonna go overboard They on there suckingdick and fucking """" completely !",I knew people were going to go overboard. They are on there suckingdick and fucking completely.
37,0.9823,I agree You know.. this Nev as Intro is taking up precious Google Imaging time.. Theyneed to cut this bullshit,"I agree with you. As you know, the Nevas Intro is wasting Google Imaging time, they need for you to stop it"
1213,0.9819,"dude wtf lol IF YOU FUCK IN CHURCH YOU DONT NEED A RUBBA ,YOUR COVERED BY THE BLOOD""","Dude, what the fuck, that's hilarious. \""If you fuck in church you don't need a condom.You're covered by the blood.\"
323,0.9817,"If you have to wipe your ass more than 3 times after a shit, get yoshitty booboo ass in shower.","If you have to wipe your ass more than three times after you shit, get yourshitty butt in the shower"
1324,0.9817,Yet Again Didn't Do Shit For My Bday Man This Shit So Fuckin Crazy Everything I Wanna Do Mfers Can't Help Or Join In ButFuck Yal I'm Good .,"I didnt do much again for my birthday its crazy.  Everything I want to do includes friends who are unable to assist me or join but,Fuck you all I will be okay"
1145,0.9814,Why does he make me so mad and then make me love him again? Is that the emotional roller coaster everyone singabout? Excuse me but damn!!!!,Why is he able to make me so angry and then make me fall back in love with him again? Is that what people mean when they talk about an emotional roller coaster? I can't believe it
1363,0.9813,"Lil wine got me feeling some type away!"" Yoooooo I'm mad the bar not open theywas good as shit"" yesssssss","A little wine has gotten me feeling some type of way! Wow, I'm mad at the bar because they are not open,and they were good as shit. Yes"
732,0.9812,"Duh its called drowning, tell me shit I don't no Bitch. You can diefrom drinking too much water.""",It's called drowning. Tell me something I don't know. You can diefrom drinking too much water
1440,0.9811,fuck the S3 is so awful. How can you have a phone that takes 5 hours to charge but only holdsa charge for 45 minutes?,The S3 is awful. How can you have a phone that takes five hours to charge but only holdsa charge for 45 minutes
698,0.9811,And AYE! Stop using my fucking Govt Name on here! That'sTwice in 10 mins! Lol,And yes! Stop using my fucking government name on here! That'stwice in 10 minutes! Laugh-out-loud
1958,0.9809,Man damn u i bet i wnt say shit to u no mo on myma fuk dt ion care,"Man, damn you. I bet I won't say shit to you anymore. I swear on my mom. Fuck it, I don't even care"
274,0.9807,so you didn't get me any?! What kind of shit is that! Iwould've sent you my address,So you didn't get me any? What kind of disrespect is that? I would've sent you my address.
1190,0.9807,I love u but if this shit wins the oscar u will thank me ... Cause u know the the weirder the movie themore likely it will win,"I love you, but if this shit wins the Oscar, you will thank me. Because you know the weirder the movie, the more likely it will win"
1233,0.9806,What the deuce. .. I hate the smell of spray tan...this shit gots ta go.,What the deuce? ... I hate the smell of spray tan...This stuff has to go
776,0.9804,"We gettin old as shit smh lls I remember when was 9 like yesterday"" wen weain't have no worries lls","We are getting very old, I remember when we were 9 like it was yesterday when we didn't have any worrie"
126,0.9799,"Dear Greeks, If by 30 becoming a member of your org is ur greatest achievement...Udon't deserve ur fucking letters.","Dear Greeks, if by thirty becoming a member of your organization is your greatest achievement, you don't deserve your fucking letters."
1459,0.9798,Charlie Wilson White chick is off beat as fuck! But I bet heaint gotta answer to Shit!,Charlie Wilson's white girlfriend is out of tune! But i bet hewon't answer to anything 
933,0.9797,Yhu One Bitch Made Nigga Pussy Ass Nigga Fuck Around And Get Layed Down ThatsHow We Play It Nigga!,"You're one bitch-made black person, pussy ass black person. Fuck around and get knocked down. That'show we play it, black person"
1512,0.9797,Im up ..barely slept at all ..damn ppls decision can really effect your piece of mind ...been havingmini dreams all night smh,I am up. I barely slept at all. Damn people's decisions can really affect your piece of mind. I have been having mini dreams all night. Shaking my head.
1362,0.9797,Im tired of dis shit man im gne im leaving fuk dt shit she want me gneanyway man damn ha idgaf,"I’m tired of this shit, man. I’m gone. I’m leaving. Fuck that shit. She wants me goneanyway, man. Damn. Haha. I don’t give a fuck."
663,0.9796,Gimme a Gangsta Hoe one that Don't Give a Fuck andthat a Shank the Hoe!,"Give me a gangster whore, one that doesn't give a fuck andthat will stab the whore"
1095,0.9794,Cause I didn't know he called & I don't have a miss call that tripping spazzing shit I'm notfor it tonight at all,"Because I didn't know he called, and I don't have a missed call. That tripping spazzing stuff, I'm notfor it tonight at all"
545,0.9794,"I hate that cancer shit.. I'm not sensitive, I just bein my feelings a lot",I hate that cancer shit. I’m not sensitive. I’m justinto my feelings a lot.
956,0.9793,I swear man if iy anit one thing its another dis shit is trulygettin' on my fuckin nervs,"I swear, man, if it isn't one thing it's another. This shit is trulygetting on my fucking nerves"
564,0.9791,yeah last year they have to drill up my nose and I will haveblack eyes and shit smh,"Yeah, last year they had to drill up my nose and I hadblack eyes and so on.  It was unbelievable"
104,0.9791,Ten dollars from a call from jail... Shit over wit... See uwhen u come home bro,"Ten dollars for a call from jail. This shit is over with. See you when you come home, brother."
1615,0.9790,Damn I'm tired glad I only gotta couple weeks left my plant shutdown allof July goin to Miami,"Damn, I'm tired. I'm glad I only have to work a couple weeks now. My plant is shutting down, and allof us are going to Miami in July"
544,0.9789,But fuck it 2 can play that game.. But I thinkI would play it better,More than one person can play that game. I would win
1382,0.9789,I'm so lost when I log on now...emojis and new lingo and shit. The world move way toofast for Kim son now,I'm so lost when I log on now...with emojis and new lingo and shit. The world moves way toofast for Kim’s son now.
1665,0.9788,"Bitches ain't shit! Females want a loyal dude but can't evenbe loyal to their friends""",Women aren't worth anything! Females want a loyal man but can't evenbe loyal to their friends
1885,0.9788,I Roll Up n these hoes be hating becuz I don't wont themget a life bitch !!!,"I arrive at my destination, and these women are upset because I don’t want to be in a relationship with them. Go do something better with your time, woman"
1109,0.9784,Solid that tilapia looked all that I b hungry looking atya shit u gotta chill,The tilapia looked amazing and I was so hungry. Wow you really need to calm down
1086,0.9781,"Dam U Aite?? Thought U Hung Urself Afta Yesterday""boy ya lost tobitch ya some shit foreal","Damn, are you alright? I thought you hung yourself after yesterday. Boy, you lost to a bitch, you are some shit for real"
402,0.9781,I UNDERSTAND I BE MAD TO IF BL DO SUM SHIIT LIKE THAT BT. . . .BOTH Y'ALL NEED TO STOP . .Y'ALL GOT A BABY NOW,I understand why you are mad; I would be too if someone treated me like that. It has to stop. You have a child now.
662,0.9779,This girl said I got her in the friend zone.... naw bitch its the I ain'tfuckin wit yo ass zone,The girl said I befriended her.The bitch is lying. I don't fuck with girls like her
1921,0.9779,Damn I must've slept weird cuz I woke up and my arm was stiff.....All three of them Lmao,"Damn, I must have slept weird because I woke up and my arm was stiff... All three of them. I'm laughing out loud"
1000,0.9779,"Lmao Im goin to bed, shit really just blew me to the max cnt help but laugh cuz of course it'll endup being flipped on me","Laughing my ass off. I am going to bed. Shit really just blew me to the maximum. I cannot help but laugh because, of course it will endup being flipped on me."
284,0.9779,Put on my swim suit and baby oil for no damn reason.The pool is closed for some ol bullshit but will be open tomorrowand my ass gotta work,"Put on my swim suit and baby oil for no damn reason. The pool is closed for some bullshit, but will be open tomorrowand my ass has to wor"
1725,0.9778,I Seen It Wit My Own Eyes. Shit Was Real MyNicca Str8 Kilt Her !,I saw it with my own eyes. Shit was real myn-word. He killed her
228,0.9776,"We been beatin shit lately & we ain't playin round this summer.""y'all betta get sum straps cuzshit gettin real lil bra","We have been beating shit lately and we ain't playing around this summer. You all had better get some straps becauseshit is getting real, little brother."
1852,0.9774,"Don't be around for the moment, messing with me will get you fucked if you fuck meover just for the moment...",Do not be around for the moment. Messing with me will get you fucked if you fuck meover just for the moment
1623,0.9769,"You think that shit phase me? Luv, you was just a convo piece. That's it. You jumped to conclusions. Nowyou feel played... Oh well!!","You that shit phases me? Love, you were just a conversation piece. That's it. You jumped to conclusions. Now,you feel played... Oh, well"
486,0.9768,Bitch sit ur ass down somewhere b4 I make u drink ur own blood I make more money then her I haveNO REASON 2 HATE! SUCKaDICK,"You should sit down and stop doing what you are doing before I hurt you. I make more money than she does, and I do not have any reason to resent that. You should suck on a penis"
1678,0.9766,Think ima have my 18th bday in Ohio. Then again It's gne cold as shit. All I knowis I want something big,I think that I'm going to have my 18th birthday in Ohio. Then again it's really cold. All I know that is I want something big.
655,0.9761,I been talking this ignant (but true) shit for over 15 years...but NOW its hitting home one 30scome into picture...imma chill tho,"I've been talking about this ignorant (but true) shit for over 15 years...but NOW it's hitting home once thirtiescome into the picture. I'm going to chill, though"
351,0.9760,shit if that's the case I'm game for anywhere but MS! I'd like to come back this way butidk. Where u tryna go?,"Golly, If that is the case, I can go anywhere except for Mississippi! I'd like to come back to Mississippi, but I don't know. Where would you like to go"
358,0.9759,"popeyes is slipping. why the hell I gotta wait 15mins on some damn chicken. The things I do formomma, I tell ya lls",Popeye's isn't as good right now. Why do I have to wait 15 minutes for chicken? I'm laughing about all the things I'll do for my mom
1230,0.9756,Going through old DM and shit on twitter thinking to myself I wasa freak lol back then,"Going through old direct message and shit on Twitter, thinking to myself; \""I wasa freak, haha\"" back then"
901,0.9753,"CTFU , she a scary ass bitch ! That dick make her haverespect ! Heyyyy Naa !",I'm cracking the fuck up. She is a scary-ass bitch! That dick made her have respect! Hey
198,0.9752,just got done listen to that junt . had that shit bumpin inher lil whip . .,I just got done listening to that junk. I had that shut blasting inher little car.
1296,0.9752,Off work. Budweiser connect called with a bunch of free beer. I don't drink that shit anymore butu can't beat free! Lol,Just got off work.  The guy who gives me Budweiser for a good price called in saying he has some free beer.  I dont drink that shit anymore butYou can not say no to something that is free! Laugh out lou
1752,0.9751,Damn why aren't any of my shows on demand yet! I don't want to wait towatch them until next week,Damn. Why aren't any of my favorite shows on On Demand yet? I don't want to wait towatch them until next week
367,0.9751,Men ain't shit but bitch they can not take pain but they all ask like bitch fuck face they kiss my black Ass and diereal slow how about it,Men are not the best at having a high pain tolerance. What do you think?
837,0.9744,I'm bout sue the shit outta TLC for this dum ass show... Wtf is a professionalMourner wtf wtf wtf smh,I'm about to sue the shit out of TLC for this dumb ass show. What the fuck is a professional Mourner? What the fuck? What the fuck? What the fuck? Shaking my head.
1065,0.9743,I swear yo if we get this ok on the bowl game shit gonna get real dark n scary fast forwhoever we play I promise!,"I swear that if we win this bowl game, it's going to by intimidating towhoever we play against, I promise"
1604,0.9742,I'm nosey sometimes Damn right imma peep when I think something ain't right fuck who do like it I ain'there to make u happy,"I pry into others business, yes I do, I'm going to look when I think something isn't right. Screw whoever doesn't like it, I'm nothere to please you"
1182,0.9739,Good morning. It's to early to be playin games like I'm a grown ass man to be dealin with lil ass kid shit soon that note swerve bitch,"Good morning. It's far too early for me to deal with your issues, I am a grown man and I do not feel like dealing with all of this immaturity soin that regard, I would request you that you stop"
1370,0.9738,People like to categorize HipHop as Old School or New School. BULLSHIT!!! The categories are eitherGood or Bad. Wake Up!!!!,People like to categorize hip hop as old school or new school. Bullshit! The categories are either good or bad. Wake up
691,0.9738,I'm not a PTO user unless I have some fun shit to do...I goin no matter the weather,I'm not a paid time off user unless I have some fun shit to do...I goin to work regardless of the weather
624,0.9736,This shit crazy feelin for hope for speedy recovery! I know hegoin to take his time!,This shit-crazy feeling for hope and for a speedy recover! I know heis going to take his time
1023,0.9734,"He's never with no other chick, fronting like he's slick.Cause it's levels to this shit andshe could never be ME.","He's never with any other woman, acting like he's cool. Because there's levels to this shit andshe could never be me"
29,0.9732,Aight let me go ahead and get dressed to this Miguel album .. Y'all continue talking about all the shit y'all notgone do while I'm gone,"Alright, please allow me to get dressed up for the Miguel Album, and please continue to talk about everyone you are notgoing to do while I am gone"
105,0.9728,I think it's a raccon or possum walkin round my house I'mscared ass shit rite now,"I think there is a raccoon or possum walking around in my house, I'mreally scared right no"
767,0.9722,"Heavy d eating the chicken right out the grease ctfu , talkin bout u did dat lmao"" that shit burnt theroot of my mouf smfh","Heavy D eating the chicken right out the grease, shut the fuck up. Talking about you did that, laughing my ass off. That shit burnt theroof of my mouth, shaking my fucking head"
482,0.9721,I Know I'm Not Ugly But DAMN! Can a Bitch Get SomeType Of Affection Or Nah?,I know I'm not ugly but damn! Can a bitch get some type of affection or no?
426,0.9716,"But I recognize shit happens and if I don't achieve it, it was out of my power den...cuz imma do everything Ican to get it done","I recognize shit happens, and if I do not achieve it, it was out of my power. Then I am going to do everything I can to get it done."
88,0.9716,Got some new lipstick in the mail and got her damn hair oils. Had me excited likeit was my phone cases,I got some new lipstick in the mail and her damn hair oils. It had me excited thinking it was my phone cases.
1790,0.9715,Don't get it twisted I really don't give a shit its friday and people can royallyget the fuck over themselves,"Don't get it twisted. I really don't give a shit. It's Friday, and people can royallyget the fuck over themselves"
97,0.9711,or go to food services but either way corporate need tosend them some damn sauce,"Or go to food services, but either way, corporate needs to send them some damn sauce"
1571,0.9710,positive it's not yours - cooked in. I had a dream (nightmare?) about it last night. Yes - this isthe shit i dream about,"I'm positive it's not yours. I had a dream about it last night. And yes, these are the things that I dream about."
1584,0.9709,Can't believe some bitch ass tried to call my insurance company and say I was involved ina hit and run. Foh,I can't believe some bitch ass tried to call my insurance company and say I was involved ina hit and run. Get the fuck out of here
446,0.9709,Ppl kill me u walking around here with new shit but ur can't getur child anything thing new,People kill me.  You're walking around here with new stuff but you can't getyour child anything new
250,0.9708,I got This Feeling On a summer day When you were Gone I crashed my Car into a bridge I threw Your Shit into abag and pushed it down,I got this feeling on a summer day. When you were gone I crashed my car into a bridge. I threw your shit into abag and pushed it down
608,0.9708,*singing* morning wood makes me feel fine-ine...... damn I forgot the wordslol Good morning then lol,"I'm singing.  An erection in the morning makes me feel fine.  Damn it, I forgot the words.Ha, ha.  Good morning, then.  Ha, ha"
1954,0.9704,"llssss fuck he at""son he came out the creases and and was geekin askin 21questions for ur address lmfao",Please fuck. He is at someone he came out the creases and was geeking. Asking 21questions for your address. Laughing my fucking ass off
1364,0.9704,I just randomly held my hand up to this dudes muscle in the gym .. His shit is thesize of my hand man...,I just held my hand up to this man's muscles in the gym .. They are thesize of my hand..
1080,0.9703,I swear college is useless I'm done wat that shit unless its freeand I'm talkin golf classes,"I swear, college is useless. I am done with that shit unless it's freeand I'm taking golf classes."
1728,0.9702,"If one more damn Mosquito bite me...... I know I'm Carmel and tasty looking, but I'm sure its some other fat ppl togo bite on wtf lol","If I get one more damn mosquito bite. I know I'm caramel colored and tasty looking, but I'm sure there is some other fat people togo bite on, what the fuck, I'm laughing"
1126,0.9702,Imma speak on this perp that work at Lowes once I'm donedoing this grown up shit...,I am going to speak to this person who works at Lowes once I am finishedwith my responsibilities
1041,0.9701,"Hairy pussy is not to be eaten, u can fuck it tho, don'tturn it down completely ""","Hairy vaginas are not meant to have cunnilingus preformed upon it. You can have sex with it though, don't turn it down completely"
229,0.9700,You fuck with me I fuck with you..I will never lie to you..gotts be honest with yaself that'swhat make it tha truth,"You fuck with me, I fuck with you. I will never lie to you. You got to be honest with yourself. That is what makes it that truth."
869,0.9699,I hate the words they replace curse words with in BET movies lol theshit doesn't make sense lol,I hate the words they replace curse words with in BET movies. It makes me laugh. Thatshit doesn’t make sense.
1008,0.9697,Excuse me miss but you need to stop being so damn sexy..... damn I forgot whatI was gone post lol,"Excuse me miss, but you need to stop being so damn sexy. Damn, I forgot whatI was going to post. Laugh out loud."
1332,0.9697,Eet yellow bone thank i call her honey mustard that damn lilwayne crazy as a bih,"Eat yellow bone. I think I call her Honey Mustard, that damn LilWayne, crazy as a bitch"
1118,0.9693,I hate u phathom degree having niggaz too! Why even speak on it? Shit I don't even knowwhere my degree is located!,I hate you white acting degree fellow African Americans.  Why even brag about it?  Shitwhere my degree is located
1063,0.9688,"People got 20/20 vision when it comes to YOUR problems, but be RayCharles to their own bullshit!""","People have 20/20 vision when it comes to you're problems, but they're as blind as RayCharles to their own bullshit"
620,0.9687,Bitch Calling Niggas There Brothers & Cousins After They G Her OutSmh!!! Shit Bitches Say Lmao,"The woman was calling those guys \""brothers\"" and \""cousins\"" after they gave her a date rape drug!I'm shaking my head in amazement.  Women say some crazy things.  I'm laughing so hard"
854,0.9687,stroll??? Ain't that the shit they use to write on back in the day??Naw I don't do that,"Walk?  Isn't that what they used to say years ago?No, I don't do that"
1076,0.9685,U have proved time and time again that you don't give a shit and you are too good to be over here so just saythe fuck where you st,You have proved time and time again that you do not give a shit and that you are too good to over here. So just saythe fuck where you are at.
948,0.9685,I Would Let AnyOne I Messed With Go For Her! She Assumed Me Of A lot OfShit That I Wasn't Doing,I would let anyone I dated confront her! She accused me of a lotof things I wasn't doin
1022,0.9682,"I got all these damn drugs inside me babyyy, They get me feelin likeI'm goin in a matrix","I have all these damn drugs inside me, baby. They have me feeling likeI'm going into a matrix"
1673,0.9681,If a bitch go to food stamp building and the security guard signsher in.. She's a whore,"If a bitch goes to the food stamp building, and the security guard signsher in... She's a whore"
1275,0.9677,Nothing more disappointing than having the feeling of major shits. Running to bathroom. Covering seat and nothing butloud ass gas comes out,There's nothing more disappointing than having the feeling to use the bathroom. Running to the bathroom. Covering the seat and having nothing butgas comes out
565,0.9676,Every real nigga know if you tryna fuck a girl.. You gon do what yougotta do to fuck her,"Every high quality man knows if you want to have sex with a girl, You are going to dowhatever it takes to have sex with her"
617,0.9673,naw fuck bama. Baylor need to lose and I don't know why Oregonis still even up there,"No, fuck Bama. Baylor needs to lose and I don’t know why Oregon is even still up there."
1986,0.9671,not JUST dunking...simply do shit EYE cant physically do. Running a 40yards in 5 secondsis NOT exciting to watch.,It's not just dunking. They simply do shit I can't physically do. Running a 40-yard dash in five secondsis not exciting to watch
733,0.9671,u guys r so CORNY! Ha get it. Cause the dogsnickname is.. Ahh fuck it.,You guys are so corny! Ha get it? Because the dog’s nickname is... Ahh fuck it
1050,0.9671,"and I know u see me & his daddy textin u u r wrong for tht shit I hope u r think in twice and I hope uknow wht u r doin,,,",I know you have seen me texting his dad. You are wrong for acting that way and I hope you will reconsider.I hope you know what you are doing
1778,0.9669,like i got alot of back& front thoo....he b wantin ah bitchdat look anorexic n ish,"I have a lot of weight on the back and front of my body, but he wants a bitchthat looks like she's anorexic and shit"
892,0.9669,"I don't really trust humans that much these days Hmm shit, fact of the matter is, i trust dogsmore than i trust humans","I don't really trust humans that much these days. Hmm. Shit. The fact of the matter is, I trust dogsmore than I trust humans"
273,0.9665,Why is it so hard to find a 34 D bra... I'm just too picky. Not trying to lookpoint when shits are perky,It is hard to find a 34D bra. I am selective. Not trying to lookwhen they are perky
118,0.9665,It's funny a watching niggas go thru problems like I do but it's not funny when I gothru shit fuck it tho,It is funny watching Negros go through problems like I do but it is not funny when I go  through shit. Fuck it though.
196,0.9662,"I can be a crazy bitch. I'll admit it. But I can alsobe the sweetest person, ever.",I can be a crazy bitch. I'll admit it. But I can alsobe the sweetest person ever.
7,0.9662,"Boy you can say anything you wanna I don't give a shit, noone else can have ya","You can say anything you want to, I don't care, noone else can have you"
432,0.9658,"I'm not gon be in the house all day.. even if I do be stuck in this bitch,Ima be in here with","I'm not going to be in the house all day. Even if I am stuck in here,I'm going to be in here wit"
240,0.9657,This weak ass shit over with. That's two down all that's left is the one who alwaysremains best in my book.,This weak shit is over with. That's two down and all that's left is the one who alwaysremains the best in my book.
431,0.9657,Fuck picnics (except niggaQ) Fuck Clubs (Maybe VirgoBash if the homies peace dat out) Just RedCups and my living room,Fuck picnics (except black man). Fuck clubs; maybe VirgoBash if the homies peace that out. Just redcups and my living room
308,0.9655,Mfs wana be like Trice whole time tho. Just Tryna switch her shit up a lilpeon ass lil Thot .,Those people want to stir up trouble all the time. I am just trying to mess with her a little bit. She thought differently
415,0.9636,Clearly this fuck my frat day...cuz lawd have mercy! Niggaz can't let me not beignant 07 during achievement week!,"Clearly my fraternity is having bad luck, because oh my goodness! People can't allow me to be ignorant during my achievement week"
320,0.9620,I hate when bitches in food service have a damn attitude. I should go back and curse thatmf out at captain Ds,I hate it when bitches in food service have a damn attitude. I should go back and curse that motherfucker out at Captain Ds.
154,0.9618,if everyone calmed down before making a decision a lot will be different...But to be fair a woman fussingis annoying as shit lol,If everyone calmed down before making a decision a lot will be different...but to be fair a woman carrying on is as annoying as shit. Laugh out loud.
421,0.9611,"I know I have hella big girl slander on twitter, but yall ain't een know dat my female BFF is a big girl...andon twitter so Fuck Yall",People are being rude to me on twitter saying I do not like big girls but my very best friend is a big girl. Please leave me alone
563,0.9611,I seen that bitch a handful of times how she know hoeI dress for real? Lls,"I have seen that bitch a handful of times. How does she know howI dress, for real? That's funny"
369,0.9605,I Don't Give A Fuck Get Rich Or Die Tryin I Got My Mind Made FrAnd What Girl U Talmbout,I do not give a fuck. Get rick or die trying. I have my mind made up for real.And what girl are you talking about
1037,0.9601,I ain't da prettiest nigga but damn bitch I juss said hello fuku mean its my job..,"I'm not the most handsome guy but damn, bitch, I just said hello. Fuck,you're mean. It's my job"
1598,0.9599,Pop pussy baby show them niggAHs you ain't scared in here. Shake them titties baby shoe then niggayou ain't scared in here,Girl is showing off her goods with no fear. Dont be afraid.
794,0.9593,Can't wait to get off...5 o'clock cmon me and my homie getting us sum good food and good drankand talk sum shit lol,"Can't wait to get off. 5 o'clock, come on. Me and my friend are going to get some good food and drinksand talk some shit. That's funny"
934,0.9591,My best friend mad at me bc I told her the truth about this bum ass nigga bitch its my place to tell you to throw hisass to the waste side!,My best friend is mad at me becaue I told her the truth about this bum ass nigger bitch its my place to tell you to throw his ass to the waste side
440,0.9590,just know Banks be on bullshit...which is why I just avoiddem for my financing needs...,"Just know that banks are full of it, which is why I simply avoidthem for my financing needs"
1226,0.9583,"Rip Antonio I miss you, that shit crazy how you left so soon,save me a spot ♡","Rest in peace, Antonio, I miss you. That stuff is crazy how you left so soon,save me a spot. "
1903,0.9575,"Now how this bih get mad when she the 1 catfished my mans"" that's what Isaid. I'm like this bitch","Now how did this bitch get mad, when she's the one who catfished my boyfriend? That's what I said. I'm like, can you believe this bitch"
374,0.9571,"My bed time is at 9:00pm but I go to sleep at 9:01pm ""Thug Life"" ⇨⇨⇨⇨⇨sikeeee . Fuckk a bedtime","My bed time is at 9:00 p.m., but I go to sleep at 9:01 p.m. That is Thug Life,just kidding. Fuck having a bed time."
681,0.9570,let me find out bitches on twitter talking shit bout something that happen last year. kill yourself hoe .,"Don’t let me find out that bitches on Twitter are trash talking about something which happened last year. Kill yourself, hoe."
1304,0.9569,"Got me like dam, where my homies Fuck it, it's jusme.. Can't hold me back","I'm telling myself, \""damn, where my friends fuck it, it's justme. Can't hold me back.\"
1038,0.9567,Lmfao...magnanimous. Nigga almost made me find a dictionary. I said fuck itand just used context clues,"Lmfao (Laughing my f***ing ass off)... Magnanimous, N**** almost made me find a dictionary. I said \""screw it\"",and just used context clues"
34,0.9566,So big Boi out here like fuck it Imma hop on all the tracks 3000 calls himself featuring onand give y'all the remix,"So, big boy is out here like “fuck it, I’m going to hop on all of the tracks 3000 says he is featured onand give you all the remix."
1187,0.9562,Idgaf wat a bitch or a nigga thank n fuck allat bstalkin kuz ya breff stank,I don't give a fuck what a bitch or a man think and fuck all that bullshittalking because your breath stink
289,0.9541,So you think its cute girls fussing over u LOL I'm to grown for the bull shit just no I played the games uplaying along time ago LOL,You believe cute girls are arguing over you. That's funny. I'm too mature for this foolishness. I played the games you are doing nowa long time ago. It's funny to me.
1319,0.9537,Over this designer talk on my time line....you buying that shit off of acrack head it's voided G.,I’m over this designer talk on my timeline..... you’re buying that shit off of a crackhead. It’s voided.
1201,0.9529,It kill me when hoe tryin play da Niggah job and da Relationship an her job at da same time ..lolno her Niggah a bitch,"I can't believe it when a whore's trying to handle the man's job and the relationship and her job at the same time. That's funny;no, her man's a bitch"
1408,0.9526,"This year ian gone be on that dum shi ,skippin class && shit,imma stay focused sothem grades a look right","This year I am not going to do that stupid stuff like skipping class, I'm going to stay focused so I can get good grades"
469,0.9516,"jus got a new bitch she niccceee""I miss you so much, I'll seeyou later "" fo sho",I have a new girlfriend who is so nice. I miss her so much.I'll see her soon for sure
147,0.9513,"I couldn't do shit but laugh...she was dead serious and smiled in my face like ""yeanigga u see it"" lol","I couldn't do anything by laugh...she was dead serious and smiled in my face like \""yeahman, you see it\"". It was funny."
902,0.9496,"Anthony ole Grizzly Bear Looking Ass Just Got Threw Hibernating Now Finna Eat The HseUp , Fucking Pig !","Anthony old grizzly bear-looking ass just got through hibernating, now fixing to eat the houseup, fucking pig"
108,0.9480,Ppl plates on the gram be lookin like some straight trashkeep that shit in house!!!,People's meals on instagram look like some real trash. Keep that shit in your house!
1316,0.9476,Fuk wit me wrong take me out my zone n ill nock the mutha fukin snow off of yo cone my niggas man itstank in this bitch mus,"If you fuck with me wrong, and take me out of my zone, I'll knock the motherfucking snow off of your cone, my pals. Man, itstinks in this bitch"
1866,0.9476,I hate an extra motherfucka. Change what I need changed and keep it moving stop askingall these irrelevant ass questions,"I hate an extra motherfucker. Change what I need changes, and keep it moving. Stop askingall these irrelevant ass questions"
140,0.9473,it doesn't work when u work everyday and dem bums sitting in ur hood watching YOURshit u worked hard for.,It doesn't work when you work everyday while those that aren't working are sitting around eyingthings you've worked hard for
780,0.9473,raven dat would ben yo last fight girl idk wat type of bitch u think i am butbby im far from scared,"Raven, that would have been your last fight. I don't know what type of bitch you think I am butbaby, I'm far from scared"
1648,0.9473,Lez ur a jerk ass! well u neva told me u read it...ubeen all redbone busy nshit!,"Lez, you're a jerk ass! Well, you never told me your read it. You'vebeen all Redbone busy and shit"
62,0.9468,bitch shutt yo clown ass uhpp im dnee tlkin if u gott sum 2 sayy.. Sayyit to my facee kk,"Bitch, shut your dumb ass up. I'm done talking. If you have something to say, sayit to my face, okay"
1549,0.9462,"I'm hiding in the grand canyon fuck it, ima make it through theese 12 hrslol. Gotta hide the car.","I'm hiding in the Grand Canyon, fuck it. I'm going to make it through these twelve hours.I'm laughing. I have to hide the car"
80,0.9454,I try to let u pussy niggas eat its time to putu pussy boys to sleep,"I tried to feed you boys, now it's time foryou boys to go to be"
1528,0.9452,naw bra she came at me like she always do and i shut her fat kneck ass down u goelearn bitch 2 respoect people,"No, man, she came at me like she always does, and I shut her fat neck ass down. You have to learn, bitch, to respect people"
1853,0.9447,I just look like this don't get it twisted I will fuck youup and leave you stankin.,"I just look like this. Don't mistake me, I will hurt youand leave you for dead."
1667,0.9444,"S/O to all my male friends and cousins who never sugar coated shit,always kept it so real!",Shout-out to all of my male friends and cousins who have never sugar-coated shit. They always kept it so real
1165,0.9442,"AND SOME OF THA MOST UGLIEST BITCHES/NIGGAZ I EVA SAW IN MAH LIFE WAS LIGHT SKINNED.SO STFU WIT ALL DAT ""DARKSKINNED PPL IS UGLY"" SHIT.","Some of the most ugly bitches or guys I have ever seen in my life were light skinned. So shut the fuck up with all that \""darkskinned people are ugly\"" shit"
2011,0.9441,"Back on My twitter BullShit. I don't even really mess withsocial media. Im working, daily.",I'm back to bullshitting on Twitter. I don't usesocial media much. I'm working daily
1704,0.9420,If dis rachet hoe dnt txt me bck>> ima walk to haa housend slap haa ugly ass!,rachel has been ignoring the texts. I am going to confront her. I will put her in her place
1105,0.9418,Man it's hot as shit out here!! I see why I normally be sitting in my car and I'm 1house away fr bus stop!!,"Man, it's hot as shit out here! I see why I normally sit in my car when I'm onehouse away from the bus stop"
1508,0.9416,Deng has 5 Fouls so its a wrap for him... Boozer too.. But thatdamn nigga Butler killing us,"Deng has five fouls, so it's over for him... Boozer too. But thatdamn guy Butler is killing us"
1256,0.9411,I am not about to let the past repeat itself..... ugh the ShitI have to go through...,"I am not going to let the past repeat itself... ugh, the stuff I have to go through.."
1595,0.9400,"everytime u don't get your way don't call u, u ain't a real friend!""Oh I'm not whore ok""","Anytime you don't get your way, I shouldn't call you? You aren't a real friend. I'm not a whore, alright"
576,0.9399,"Donte biggy smalls Chian faith Evans and I'm lil Kim ""Lil Kim got betta pussy","Donte, Biggy Smalls, Chian, Faith Evans and me are the same.Lil Kim is better than that"
506,0.9395,If you really love me an cared about me you would have stayed by my side not turn your back on me ansay false shit about me,"If you really love me and cared about me, you would have stayed  by my side, not turned your back on me and said lies about me"
850,0.9394,"Yo, I cant believe this chick really just acted crazy like that. And came upwit some false bogus shit....",I can't believe this girl acted crazy like she did. And came upwith some false rumors
1380,0.9390,After i heard that booty bandit shit in facebook i feelin love wit his voice,"After I heard that booty bandit shit on Facebook, I fellin love with his voice"
114,0.9388,Females be get they self into street shit but wen somebody put pressure on theyass they tell the police,Women get into trouble in on the streets and when someone pressures themthey tell the police
1270,0.9385,"Leave me the f**ck alone thats what you better do..funerals stay on schedule.. I don't even care about thecharges ,if they ain't federal!",Leave me the f*ck alone. That’s what you better do..funerals stay on schedule.. I don't even care about thecharges if they’re not federal!
53,0.9379,I walked up to sum nigga disrespectin a female.I told him I might be a Virgin but I kno a pussy wen I see one...#fukkyhu hittin a lady for,"I walked up to this guy disrespecting a female. I told him I may be a virgin, but I know a pussy when I see one. Why the fuckare you hitting a lady"
1328,0.9372,Man I remember my homeboy burst in an abandon house whensome crack heads were fucking.....,"Man, I remember my friend infiltrated an abandoned house whensome drug addicts were having se"
1927,0.9353,First thing a person say in a relationship bae we no matter what ! 3 months later they gonafter 1 argument tf bitch,"First thing a person says in a relationship, \""Bae, we, no matter what!\"" Three months later they are goneafter one argument. What the fuck, bitch."
741,0.9348,"These bitches love Sosa. Man, who the fuck is Sosa??? And what is a cobra? Is thatthe same as a choppa?",The women love sosa.  Who is sosa? What is a cobra ? Is that The same as a gun
238,0.9337,Sprint users for the iPhone in Chicago I'm not even a sprint user but they pissing me off damn dropped calls inthe middle of great convoy,"Spring users for the iPhone in Chicago, I'm not even a Sprint user, but they are angering me with damn dropped calls inthe middle of great conversations."
878,0.9325,tHIS BITCH REALLY WANT FAME OFFF MY MAIN NAME AINT NO MONEY IN THAT laughat your down ass REBLOCKED,"His bitch really wants fame off my main name, not any money in that, laughat your down ass. Reblocked"
1672,0.9323,"-Chillin In The Dark Like A Real Nigga.!""naw that's some penitentiary shit gettinraped real nigga shit lmfao",Sitting in the dark like a real man. Now that's some jail type talkand like real talk.
1716,0.9317,My mom is in Miami getting ready to go on a cruise while I'm in hsv in theclassroom on a damn Saturday,My mom is in Miami getting ready to go on a cruise while I'm in HSV in theclassroom on a damn Saturday
643,0.9317,"Omg without makeup Yall bitches are beasts,even so Yall goes look like Homer Da Clown! Fuckin return of Daliving dead Kmsl ..just saying*","Oh my gosh, without makeup, all of you bitches are beasts. Even so, you all look like Homer da Clown! Fucking return of the living dead. I am killing myself laughing, I am just saying"
1064,0.9315,If another person say I look like Ceaser from Black Ink immasmack the shit outta them,"If another person says I look like Ceaser from \""Black Ink\"" Im going tosmack the shit out of them"
761,0.9314,"remember Mer soccer game "" yea I used to be mad ass shit outthere ya was too wild","\""Remember Mer soccer game?\"" Yeah, I used to be mad as shit outthere. You were too wild"
1697,0.9311,we'll u should have came to the beat person for the job...... Me but I see udon't fuck wit me nomore,"We'l you should've came to the best person for the job, which happens to be me but I understandyou don't deal with me anymore."
394,0.9307,In aver had a girl do that to me cause the kind nigga that I'm ambutI wish a bitch would,I have never had someone do that to me because I don't spend time with people like that. No one would ever try that with me
1743,0.9307,If we say two forms of ID why the fuck wouldyou come with just one...,"If we say to bring two forms of ID with you, why wouldyou bring just one with you"
231,0.9304,If this lol boy watch another mothafucckin WWE fight on my computer ...Imma body slam his ass,"If this little boy watches another motherfucking WWE fight on my computer, I'm going to body slam his ass."
1088,0.9294,All I see on ig is pictures with quotes talkin bout niggas this niggas dat I'mbout done with that shit,"All I see on Instagram, is pictures with quotes talking about; \""People this, people that\"". I'mabout done with that shit"
1751,0.9285,Dnt cum my way fa nth Dnt hit my line fa nth fony ass fuckniggas u niggas is nth,"Do not come my way for nothing. Do not hit my line for nothing, phone ass fuckblack guys, you black guys are nothing."
247,0.9284,"i just might the next female i have in bed lol"" that was sooo wrong!I would sue his ass",I just might do this to the next female I have in bed. It's funny. That was so wrong! I would sue him.
832,0.9279,"when guys say dumb shit to get attention on Twitter, can we just callit a ? Yay? Nay?","When men say incompetent things in order to receive attention on twitter, can we just label it as a \""?\"" Yes? No"
1431,0.9274,HAPPY 4TH OF JULY TO YOU AND THE FAMILY TEAMERICA STAND THE FUCKUP KEEP. DOING. YOU BOO,"Happy Fourth of July to you and the family, Team America. Stand the fuckup. Keep being yourself, brother"
1671,0.9273,Can I just get a blow job fr the crack ofmy hairy ass kmsl Jp,"Can I just get a blow job? For real, the crack of my hairy ass, killing myself laughing, just playing"
1094,0.9267,I need to go wash I don't have a clue of what I'm putting on omfg I have too many damn clothes & always sayingI don't have any lies,"I need to go wash, I don't have a clue of what I'm putting on. Oh my fucking god, I have too many damn clothes, and always sayingI don't have any lies"
332,0.9267,Niggaz aint gone be satisfied till they get the package....all that ass u was foaming at the mouth overgonna cost u your life,They will not be satisfied until they receive the package. It is not worth worrying about.It is going to cost you your life.
1959,0.9248,Man i cnt take this ish tryna love someone who dnt een care bout cha n who dnt love ya bk n playing round wiffme man kick damn rocks,"Man, I can't take this shit. Trying to love someone who doesn't even care about you, and who doesn't love you back, and is playing around withme. Man, kicking the damn rocks"
483,0.9247,The bitching I did 2 my bank to get 20 bucks put back into my accountwas petty as fuck lol,I had to complain to my bank a lot to get my $20 back.They were being really difficult
1608,0.9243,I'm ready for football season!!! The NBA is full of pussies who cry about everything ohh my how the gamehas changed over the years,I am ready for football season! The National Basketball Association is full of cowards who cry about everything. Oh my! How the gamehas changed over the years
603,0.9215,"wtf yo, i just fucked my leg up in a bus accident.. stupid assdriver ""sue them niggas bro",I can't believe how badly my leg is hurt from a bus accident.You should sue the driver
672,0.9214,"ion trust naan bitch round my man she gotta be his sister cuzn mama or aunt cuz Idon't mind being rude !""","I don’t trust any bitch around my man. She’s gotta be his sister, cousin, mama, or aunt, because Idon’t mind being rude!"
1203,0.9214,"Bitches be claiming they holding they nigga down but while he not around fucking anythingin sight we see y'all""","Women are claiming they are keeping thier boyfriend, but while he is not present, they are having sex with anythingin sight. We see you all"
1417,0.9203,Mann ppl still in they feelings like damn how long ago was that again. Lhh buti aint trippin they lose,"Man, people are still in their feelings like damn, how long ago was that again? I’m laughing hella hard. ButI’m not tripping. They lose."
496,0.9198,"The fucked up thing about religion is that it is based on interpretation, and people's intentionsare often biased & questionable.",The fucked up thing about religion is that it is based on interpretation and people's intentionsare often biased and questionable. 
461,0.9197,"THERE IS NO FUCKING WAY ""AsL"" mean ""As Hell"" I refuseto think this is right!","There is no fucking way \""AsL\"" means \""As Hell.\"" I refuseto think this is right"
1093,0.9178,I'm already knowing when I talk to him he got somewords for my little ass,I already know when I talk to him he will have somewords for me
215,0.9175,"I don't even wanna give her hell her jokes too lite"" your jokeslighhhhhht DICKHEAD no neck ass","I don't even want to give her hell. Her jokes are too silly. Your jokes are not funny. Dickhead, no neck ass."
626,0.9170,That LITTLE UGLY GIRL HOTT IMA LET HER THINK SHE DID SOMETHING SHE ANIT DO SHIT HER MAN BEGGIN ME TO STOP SO ILLDO ..I GUESS SHE SICK,"That little, ugly, girl is hot. I am going to let her think she did something that she is not doing. Shit, her man is begging me to stop so I will.I guess she is sick."
625,0.9166,Niggas out here crack me up when they wit there chick! They try to let u know that they 2gether by grabin thereass & shit like that!,Boys out here crack me up when they are with their girl! They try to let you know that they are together by grabbing theirass and shit like that
616,0.9148,Jameis Winston is the man on Florida St campus. I highly doubt he has to rape any bitch. That white bitch want money2 pay off student loans,Jameis Winston is the big man on campus at Florida State.  I highly doubt he has to rape any woman.  That white girl wants moneyto pay of student loans
1940,0.9135,But He Got One Moe Time To Hit Me Wit That JacketAnd Ima Beat His Ass,But he has one more chance to hit me with that jacketand I'm going to beat his ass
1125,0.9133,If anyone need a good furance installer for LOW fuck with me uknow I got it (info),If anyone is looking for a good furnace installer for a cheap price let me know.I have contact info for someone
894,0.9132,aint really got shit to do i was only sliding if this nigga docwas going to this meeting,"I don't really have much going on, I was only going to go if this dude's doctorwas going to this meeting"
1898,0.9130,"Getting your ass ate feels so violating I could never look at him the same again"" have aseat under the bed bih","Having your ass eaten is such a violation. I could never look at him the same way again. Have a seat under the bed, bitch"
1676,0.9125,"That nigga don't do shxt for you, but when he downtalkin a bitch you satisfied.","That man doesn’t do anything for you, but when he talks down to a woman, you’re satisfied"
992,0.9124,"no diss to the good bruhz Josh either, but he came in a whole year before and didn't get shit to pop..wehad the city on fire.","No diss to the good brother Josh either, but he came in a whole year before and didn't get shit to pop...We had the city on fire"
881,0.9123,"""when my daddy went to jail aint none of his boys came around or helped me out when i was down soits fuck them niggas now""","When my daddy went to jail, none of his friends came around or helped me out when I was struggling. Soit's fuck those guys now"
1694,0.9118,Man fuck dat hoe man my nigga n dem had dathoe n the Bryan Frazier,"Man, fuck that hoe. Man, my brother and them had thathow, and then Bryan Frazier"
1874,0.9114,Lets talk about how I went pee this morning and my damn bonnet fell in thetoilet. Pissed. Literally and figuratively,Let me tell you about how I went to urinate this morning and my hat fell into thetoilet. I am pissed. In more ways than one
784,0.9113,"lol mane nun trippin of theze hoez OG she said she'll fuck my nigga to mak me mad, dats wat i wnther dumass to do anyway","Laughing out loud, the main one of these whores is tripping. Original gangster, she said she'll fuck my black person to make me mad. That's what I wanther dumb ass to do anyway"
1717,0.9112,Heat fans have NO room to talk about flopping unless you talking aboutthat bitch in the jersey,Heat fans have NO room to talk about flopping unless you are talking aboutthat bitch in the jersey
1613,0.9112,"When Your Ex likes Your Pics On Instagram >>>>>>>>>>>> I Be Like YeeeeeaaahhhhhhhBitch, You Want Me Back",When your ex likes your pictures on instagram. I thinkyou want me back.
1330,0.9108,People claim they want to work and need jobs but dont take the job when youcall them. So fuckin stupid,"People claim that they want to work, and they need jobs, but don't take the job when youcall them, it's stupid"
1675,0.9105,I thought I was thirsty toward these bitches... But these bitches bethirsty for these players smfh,I thought I wanted these women but they want all the men. It's unbelievable.
664,0.9096,Why Do Hood Barbers cut the best but neva on time? Its like they KNOW u notgonna fuck with anyone else...,Why do neighborhood barbers always give you the best hair cut but are never on time.  It's like they know that you're notlikely to go anywhere else.
1389,0.9096,It's crazy niggss I was fucking when I was broke say I'm acting funnynow...we all gone eat b,It's crazy black people that I was sleeping with when I had no money that say I'm acting funnynow. We're all going to eat b
1590,0.9086,"fck u 50 , u a old head goin to matinee "" this the best time! No lines and peace","Fuck you, 50, you're an old person going to a matinee. This is the best time!There are no lines and it's peaceful"
906,0.9084,Ain't forgot about my dawg just been sick as fuck and youknow how niggas be bullshittin,I haven't forgotten about you. I have just been sick as fuck and youknow how people are
466,0.9070,"Why the fuck is Senai bday tomar? My bed is the only thing I need right now""hedont believe in bdays lls",Why does her birthday have to be tomorrow? All I need right now is my bed.I don't believe in birthdays
1698,0.9070,My grandma told Eric he can spend da night knowing I was mad at his ass.......... Now I done slipped upn let him dtmf lbvvvvvvs,"My grandma told Eric he can spend the night knowing I am mad at his ass. Now, I gone and slipped upand let him dump the motherfucker. Laughing, but very serious."
1260,0.9062,"and lame as fuck! Except Leroy, u can tell he a real nigga,even CT wants no problems","...and lame as fuck, except for Leroy, you can tell that he is a tough,even CT doesn't want any problems"
75,0.9046,He must not know I don't do the bitch word homie..that word causes for a coupleof teeth to go missing..,"He must not know that I don't like the bitch word, \""homie\"". That word cause a coupleof teeth to go missing"
1553,0.9045,Mogs keep asking me where my people are from..I say america and there like no before they came there..Damnit I dunno specifically where,"People keep asking me where my ancestors are from and I say America. They're like \"" No before they came here\"". Damn it. I don't know specifically."
1143,0.9040,So u gone tell me by me bring a gentlemen and the man my motha raised me 2I payed for the pussy?,"So you're going to tell me that by being a gentleman and the man my mother raised me to be,I paid for the pussy"
1956,0.9026,"let me take my ass to checkers then go home I'mschleepy""bring me a big Buford","Let me take my ass to Checkers, then go home. I'msleepy.\"" Bring me a Big Buford"
694,0.9021,"This btch stupid af on this movie , I wanna jump through the screen& smack her ass -_-",This bitch is stupid as fuck in this movie. I want to jump through the screenand smack her ass
695,0.9014,"Lil Buddy looking for Connects..I aint got any for him...all I got is same ole ""work hard as shit over time and ifthey don't pay ya BOUNCE""","My little buddy is looking for connects but I don’t have any for him. All I have is the same old “work as hard as shit over time and if they don’t pay you, bounce.”"
176,0.9009,Just found out that my auntie BBQ and my fat ass just ate. I'm headed togo get me a rib,I just found out that my auntie is barbecuing and my fat ass just ate. I'm headed to go get a rib.
235,0.9006,If your girlfriend friends dont like u .u can hang it up b c theygon lie on yo ass,"If your girlfriend's friends don't like you, you can quit because theyare going to lie about your ass."
519,0.9002,Idk why her lil ass think she so big and bad.. But I'll cut youback down to size baby,I don't know why her little self thinks she's so big and bad.  But I'll bring you back back down to reality baby
223,0.8993,Cats be like son my first time I ha an orgy with like 10 bitches and they all came 3 times and I ain't evencome I swear to everything,"People are like, son, my first time I had an orgy with like ten women and they all came three times and I didn't even come. I swear."
688,0.8992,I'll try tomorrow. This flu has been kicking my ass for a week now.I need a nurse! Lol!,I'll try tomorrow. This flu has been kicking my ass for a week now.I need a nurse! I'm laughing
128,0.8988,"Ladies, the older you are in the ""game"" the more Bullshit urgonna have to sift thru...","Ladies, the older you are in life the more things you aregoing to have to sift through"
1199,0.8979,A lot of the old school rappers are straight assholes. I would say names but why should I givethem any shine???? Fuckin idiots!!,"A lot of the rappers from the past are basically unsavory. I would mention names, but why should I givethem any notoriety? They are foolish"
48,0.8978,Cause a) frank writes passionate songs about men and b) breezy talked a lot of shit in that twitter rantabout odd future he deleted,"The first cause is that Frank writes passionate songs about men and the second cause is that Breezy talked badly in his Twitter rantabout Odd Future, but he deleted it"
1687,0.8978,Pls tell y'all friend her braids looked fuck'd up... Keep wanting to twist them bigshits up in a bun,Please tell your friend that her braids look fucked up. I keep wanting to twist those bigthings up into a bun
867,0.8977,Oh and s/o to whatever damn sigma that was outside my window yelling and woke me up out of me sleep but its yo dayso be out my nigga,"Oh, and shout-out to whichever damn Sigma that was outside my window yelling and woke me up out of my sleep, but it's your day   so go out, my black person"
336,0.8963,When dudes say they can't fuck with a chic because she ahoe he really jus insecure,"When dudes say they can't fuck with a woman because she is ahow, he really is just insecure"
554,0.8955,Anybody who did is a bitch nigga for being fake tellem I said that lls,Anyone who would act like that is not a nice person. They are fake.I don't care if they know I said that.
424,0.8949,"it took my female BFF to tell me ""yea ya girl tripping but let her ride this spell out den shegonna be all sorry nshit...""","It took my best girlfriend to tell me \""I know your upset, but let some time pass and then shewill feel sorry that this happened...\"
1046,0.8948,saw u handling them bills today in u no where early.....lol....same shit homie.....1.....chicks always lookn for a pay day,"I saw you handling that money today, in \""you know where\"" early today... That's funny... Same shit man, one thing only. Girls are lookingfor someones money"
597,0.8936,"y'all fuckers put everything on twitter , you taking yo last breathes updating a tweet saying""r.i.p to me y'all ""","Everyone puts everything on Twitter. You are taking your last breath while Tweeting out\""RIP to me everyone\"""
939,0.8934,bahhaaa! Il admit it I am.But I guarantee u his ass twice as bad ofF As I am.IKNW YUR NOT TLKN U BIGCRY BABY THTS PAS WHIPD,"Hahaha! I will admit it, I am. But I am able to guarantee you he is twice as worse off as I am. I can ascertain that you are not posturing right now you bigcry baby, that is beyond a normal level of whipped"
689,0.8926,maaaaan dat would be the ultimate Kiss my ass move...but MIAcan't afford him AT ALL...,"That would be an amazing thing to have happen, but Miacan't afford him at all"
285,0.8908,grams empty out my purse cuz she wearin it to a weeding! I hope my weed bowl wasn't in there! she go kick my ass andi need it tonight lol,Grandma is emptying out my purse because she's wearing it to a wedding! I hope my weed pipe wasn't in there! She's going to kick my ass and I need it tonight. How funny!
364,0.8904,I need every person in my circle on a paper getting mission if u scared to get paid getthe fuck from roun me,I need everyone close to me working on earning money. If your are afraid to workstay away from me
1973,0.8891,"Is a chick a ""hoe"" if she can't remember the name ofevery man she eva fucked?","Is a chick a \""hoe\"" if she can't remember the name ofevery man she ever fucked"
1834,0.8879,ALOT of people on twitter fronting and for who..cause when you get that ass whooping thats coming to you..they gonbe on here clowning you.,"A lot of people on Twitter are posturing, but for whom? Because when you receive the beating that's imminent, they're going to be on here ridiculing you"
1166,0.8871,"Wanna get blocked? Reply to my tweet wit a mixtape, song,or a video. I WILL FVCKIN JUMP THROUGHDIS SCREEN ON YO ASS.","Do you want to get blocked? Reply to my Tweet with a mixtape, song or a video. I will fucking jump throughthis screen on your ass"
684,0.8863,Just cursed out my lil bros for not picking up they phones that EYE broughtdem...fuckt hey think they are?!,I just cursed out my little brothers for not picking up their phones that I boughtthem. Who the fuck do they think they are
300,0.8837,Real bitchxs dey lust em hatein niggas disgust em i see u takn em shots deybounce off em its nth,"Real bitches, they lust over the hating black guys. I see you taking those shots today.Bounce them off; it is nothing."
1186,0.8832,yea but not against bama and Nick saban. Saban my dude. He the type of coach who sayplay ball fuck everything else.,"I have nothing against Alabama and Nick Saban. I can count on Saban. He is the type of coach who would say\""let's play ball, don't worry about anything else\"""
1895,0.8826,"Telly hungry ass ain't going to watch the game she just wannaeat lol"" don't do me","Tell her hungry self she isn't going to watch the game. She just wantsto eat, not spend time with me."
1449,0.8821,"Don't be looking at my forehead, chest area... Behind me. Look me in my eyesit's not that damn hard","Do not look at my forehead, chest, or behind me.  Look me in my eyesit is not that damn har"
808,0.8813,Up watching NBA TV... This nigga Isaih is boring as hell. He need to stick to coaching or beinga GM or some shit...,I'm awake and watching the NBA on TV. This player Isaih is as boring as hell. He needs to stick to coaching or beinga GM or something
1488,0.8805,Why is they talkin bout John cena during this match shut the fuck up king & that other guy wedon't give 2 fuck about,"Why are they talking about John Cena during this match.  Shut up, King and the other guy wedo not care about"
2002,0.8804,"All these hoes out here really think they snatchin, hoe yo pussy the onlything that these nigga smashing","All these whores in this location really believe they're stealing. Whore, your vagina is the onlything that these black people are having intercourse with"
428,0.8804,"¡Slow Nigga, Whn I Dont Call Yu Backk Tht Meanz STOP FuckinCallin Me!!>> {""VOICEMAIL FULL SMH""}","Slow down, black man. When I do not call you back that means stop fuckingcalling me. Voicemail is full; shaking my head"
1677,0.8792,I've meet co gay ppl . I still feel that theshit nasty but they cool,"I've met cool gay people. I still feel that theshit is nasty, but they're cool though"
936,0.8780,See you the type of bitch ah nigga dont wife yhu come with two manyproblems and it aint right!,"See, you're the type of bitch a black person doesn't marry. You come with too manyproblems and it's not right"
700,0.8760,This jazz right now>>>>>>So soothingit just takes my mind off of shitthat I be thinking about,This jazz is so soothing that it just takes my mind off of the shitthat I'm thinking about
200,0.8754,Nate is 5'8. Bron is 6'8 of course he will hit him in the face. He's under him. TheNBA is so fucking gay.,"Nate is 5'8\"". Bron is 6'8\"". Of course Bron will hit him in the face. Nate's under him. The NBA is so fucking gay."
770,0.8726,YA BITCHES GOIN IN THE NAIL SALON LOOKIN LIKE SHEEPS COMEOUT LOOKIN LIKE GOATS LMFAO,You bitches are going into the nail salon looking like sheep.You're going to come out looking like goats. I'm laughing my fucking ass off
1085,0.8712,Niggas a snitch on a niggaaa at work then somebody come snitch rite on them and den theybe sick ass shit lls,"Dude is an informer on another guy at work, then somebody tattles right on them and then theyare frustrated, hahaha"
1196,0.8689,My hair is bogus the gym really took its toll onit..it's sweated the fuck out,My hair is bogus. The gym really took its toll onit. It is sweated the fuck out.
587,0.8675,"Well my boyfriend girlfriend has been takin him away from me ""no minessssher lil ugly ass """,My boyfriend has been spending time with another girl and she's taking him away from me. He is mine and I'm not threatened by her
1432,0.8673,"She know wht she want she got her thoughts together, she know she bottom bitch sheknow we gonna ride 4ever","She knows precisely what she desires, and she has her thoughts collected, she understands that she's a highly valued woman, sheknows that we will stick together forever"
1244,0.8636,"Confession Thursdays: if ur ass had a 100 bill in it, could I give you changeto go wit it lol","Confession Thursdays: If you're ass had a $100 bill on it, could I give you changeto go with it? I'm laughing"
1016,0.8621,See idk if it's Cuz we don't go to the same schools or our lives changing it's likeour communication all fucked up,"See, I don’t know if it’s because we don’t go to the same schools or our lives are changing. It’s likeour communication is all fucked up."
898,0.8620,Let my people out them chains nigga i mean handcuffs time to man up put my hands up fuck u saying bruh cause im ablack man in a phantom,"Let my people out of their chains, man. I mean handcuffs. Time to man up and put my hands up. What the fuck are you saying - because I'm a black man, I'm a phantom"
1811,0.8602,"Comcast stay leaving that threatening ass ""we were here to pick up your equipment""post it on my door.","Comcast stays leaving that threatening-ass, \""We were here to pick up your equipment\""post-it on my door."
1970,0.8597,Just thought about dat my lil bros don't know shit about popping the cassette out flippingit fastforwarding just to rewind...,"I just thought about that my little brothers do not know shit about popping the cassette out, flippingit, fast forwarding, just to rewind."
1185,0.8507,"I mean, you try to fuck ANY niccas girl but if a nicca like to many of your girlsstatus updates you get upset...","I mean, you try to fuck any guy's girl, but if a guy likes too many of your girl'sstatus updates, you get upset"
1107,0.8502,"Who wanna buy d tape of rocko running and guwop kickin him in ass. Wit my house shoes on lol.I want 250k"" I'm dead!!!","Who would want to buy the tape of Rocko running and Guwop kicking him in the ass. With my shoes on, haha.\""I want $250,000\"" I'm laughing so hard"
1899,0.8471,"If a nigga don't like me he hating.."" Naw maybe theyjust don't like ya ass","\""If someone doesn't like me, they're hating.\"" No, maybe theyjust don't like you"
52,0.8465,"N . Nawll , Boo likee her , shee log in on his phone , she dnt like his ugly ass","No way, he likes her, and she logs into his phone, even though shedoes not like him"
883,0.8458,"Its either you fuck with me or you dont, & if I feel as though you dont I'm not gonnawaste my time or breath""",Either you fuck with me or you don't. If I feel as though you don't I'm not going towaste my time or breath
1825,0.8445,Uh she wanted 2 recreate a Plantation Theme wedding because she liked thenostalgia of the period? WTF,"Uh, she wanted to recreate a Plantation Theme Wedding because she liked thenostalgia of the period? What the fuck"
39,0.8425,Now niggas dont be surprised also if your woman counts down backwards next timeyou say some stupid shit,"Now, don't be surprised if your woman counts down backwards the next time you say some stupid shit.you say some stupid shit"
520,0.8371,maaaan imma order dat shitfor ONE wkend den call back and sayI didn't like it lol,I am going to place an order for that one time and then I'll call back and tell them. I did not like that at all
1131,0.8315,"Im jus attracted to rough ass niggahs mane ,ilove a niggah thats bout it but still knohow to treat his ole'lady","I'm just attracted to rough as men, I love a man that's about it, but still know'show to treat his old lady"
1516,0.8313,I love Mellow People all that loud Sh*t For what tho???? But I Will turn Up Quickif you take Me Der,I love mellow people. All that loud shit. For what though? But I will turn up quick if you take me there
768,0.8307,And fly niggas come third cause he might aint gt no money but he can still pull dabaddest bitch in da building,"And a stylish black person comes third because he may not have any money, but he can still attract themost attractive woman in the building"
9,0.8247,Wen u kall a nigga fone n he dont answer dat mean he nevagave a fuck about it,When you call a person's phone and they don't answer that means they never cared about it.Cared about it
991,0.8202,"Pre 07, in chicago there was no bruhz made under 30 I was denied membership for 3fucking years but I persevered.","Pre '07, in Chicago there were no brothers made under 30. I was denied membership for threefucking years, but I persevered"
1184,0.8191,I swear... All I do is fuckin work. I would killto have one Saturday off.!!!!!,"I swear, all I do is fucking work. I would killto have one Saturday off"
500,0.8189,U eva on train and your eyes lock on the 1 person u know u gotta steal on 1st if shitbroke out? Naw? Ok nvm,"Are you ever on the train and you see someone who you believe you would have to punch if a fightstarted? No? Okay, never mind"
74,0.8179,If u fuckin with me.... Really fuckin with me u go get sum girlsn bring em to me,"If you're my friend, really my friend, go and get some girlsand bring them to me"
531,0.8108,I don't never feel no type of way because I'm an asshole..That's just in my nature,I don't need to feel any type of way because I'm an asshole...That's just in my nature
1036,0.8088,It's all in fun though. Everybody know light skin chicks withthin 'staches got fat asses,"It is all in fun, though. Everybody knows that light-skin chicks withthin mustaches have fat asses."
1412,0.8062,Thought I'd be able to clean out my car but the machine only takes dimes wtfkind of crap is that,"I thought I'd be able to clean out my car but the machine only takes dimes, what the heckkind of nonsense is that"
59,0.8056,ummm..do I need to go back & read ur tweets for all thisfuckery i missed earlier?? lol,Umm...do I need to go back and read your tweets for all thisnonsense that I missed earlier? That's funn
1411,0.8041,I never wanna go back out there to many fake tough niggas I fuck around n try to rob everybody lmao.I be outta town die,I never want to go back out there. Too many dishonest people I mess around with and try to rob everybody. That's hilarious.I'm out of town
1573,0.8024,"When we was all in our feelin earlier he was like ""&& thats why ima marry you && spoil thaa fuck'chaa,jus keep holdinme dwn like you do""","When we were all having feelings earlier, he said that's why I'm going to marry you and spoil everything. Just keep holding me down like you do."
307,0.8002,This nigga jcole ji OC lol hope my man dont get caughtup for no dumb shit,I just really hope he doesn't get caught up in what JCole is doing.I don't want him to be blamed for something ridiculous
532,0.7925,Liquor all on my breath.. Bitches all in my sight! Real niggas trynafuck.. Fuck niggas wanna fight,I've been drinking Liquor you can smell it on my breath.  I see some ladies.  People who act real who are black are trying to fuck.  People want to fight who are black
839,0.7913,Oh my god these bitches in here talkin bout hair.... Wish they stfu& do sum dam wrk,"Oh, my God; these bitches in here are talking about hair. Wish they would shut the fuck upand do some damn work"
865,0.7901,Tae got it so hot in here that my contacts damn near aboutto fall out my eyes,Tae has it so hot in here that my contacts are about readyto fall out of my eyes
1612,0.7892,This is prolly the easiest night to get some ass nMiami especially if they win!!,This is probably the easiest night to find a mate in Miami especially if they win
1424,0.7881,Two of my homies fighting and they both acting like kidsso fuck both of them.,Two of my friends are fighting and they are acting like childrenso forget both of the
614,0.7858,I'm really trying to make an AU game before the season is over. UGA hopefully cause I can'tafford no damn iron bowl,"I'm really trying to attend an Auburn University game before the season is over.  University of Georgia, hopefully, because I can'tafford tickets for the damned Iron Bowl"
1158,0.7839,"These Vegas stories wild as fcuk!!! ""She say she was dipping chickenfingers in ranch buttaball NAKED!","These Vegas stories are wild as fuck! She said she was dipping chickenfingers in ranch butterball, naked"
1611,0.7758,Really Jamie Foxx?! get your hands off my Jordan's WTF!!! He justset us back once again,Jamie Foxx was wearing the shoes he wanted. His actions put us behind.
1245,0.7757,man Turn Up.. dm who you gotta to be non angry..that shitcauses gray hairs and wrinkles,"Man, wait, direct message someone that doesn't make you angry. That'scauses gray hairs and wrinkles"
1603,0.7742,Ctfuu! I'm saying & it's funnier cause we just talked aboutlame ass people doing that,"Shut the fuck up! I'm saying, and it's funnier because we just talked aboutlame ass people doing that"
1277,0.7679,How You Got A Nigga Wit A Wheel But Ya Ass On The Broad Street Line Ya Pussy Must Not Be ThatGood For A Car Ride,"How do you have a man with a car but you are still on broad street, you must not be good enough for a car ride"
707,0.7645,All dat education and still having to suck dick in the back of the DatingGame has to be humbling...,All that education and still having to suck dick in the back of the Dating   Game has to be humbling
539,0.7628,The only reason I don't like doing the dinning area is cause I hatedealing with drunk ass customers,The only reason I don't like working in the dining area is because I hate dealing with drunken customers
1614,0.7589,I hate to say it but a lot these niggas on twitter lame as fuck how canu possibly tweet that much,"I hate to say it, but a lot of these dudes on Twitter are lame as fuck. How canyou possibly tweet that much"
391,0.7561,Bulls looking to trade Boozer to the raptors bout fucking time theygot rid of this nigga!!,The Bulls are looking to trade Boozer to The Raptors. About fucking time theygot rid of that man
841,0.7545,"I'm not a cocky nigga, but I jus be feelin like no onecan really fuck wit me","I’m not a cocky guy, but I just feel like no one  can mess with me."
47,0.7494,Frank ocean can probably fight .. He prob been training for the moment to fuck Chris brown up .. Breezy will never loveit down if he lost,Frank Ocean can probably fight as he has been training to beat up Chris Brown. Breezy will never liveit down if he happened to lose
538,0.7439,"When I'm riding down the avenue.. These bitches give me attitude, they screaming""Charles we mad at you!""","When I'm driving down the avenue these bitches give me attitude. They are screaming\""Charles we are mad at you!\"
1915,0.7409,"Ole I saw you and him, walking in the rain. You were holding hands and ill never bethe same looking ass. Lmao","Oh yeah, I saw you and him, walking in the rain. You were holding hands, and I'll never bethe same looking ass. Laughing my ass off"
249,0.7404,"Hate cheap people, like naw i just came with you to WATCH you eat."" Omg that happen to meyesterday I was like WTF","I hate cheap people, like \""no, I just came with you to watch you eat.\"" Oh my god that happened to meyesterday. I was like what the fuck."
87,0.7392,Wtf is so hard about coming to pick up a badge so your check is correct..: I'm not aboutto clock you in. Smh,What the fuck is so difficult about coming back to pick up a badge so that your check is correct. I am not goingto clock you in. Shake my head
1884,0.7380,Don't judge me I jus hate ratchet ass bitchez ! Like dat shyt not kool y u wannabe ratchet let me no,"Don't judge me, I just hate ratchet-ass bitches. Like that shit is not cool, why do you want tobe ratchet? Let me know"
523,0.7288,in order for a female to get the respect moms get.. She would have to be the most loyal femalein the world these bitches...,"In order for a female to get the respect mom’s get, she would have to be the most loyal female in the world. These bitches..."
1402,0.7277,"Florida fucked up the Bush and Gore election, Casey Anthony, andnow the Zimmerman trial smh""","Florida fucked up the Bush and Gore election, Casey Anthony, and now the Zimmerman trial. I’m shaking my head."
562,0.7267,really?... You dick sucking like that? Smh and I bet you still ain't get thatretweet you was craving for.,"Really...? You are giving a blowjob like that? Shaking my head, and I bet you still aren't getting thatretweet that you are craving for"
769,0.7230,u let Lil Wayne hit u mind ass well let me hit for 1200wen I get my taxes,"You allowed Lil Wayne have sexual relations with you, in that case you should consider me as well for 1200when I receive my taxes"
1620,0.7220,I hate dis clown ass nigga mane I don't believe shythe say smh lol rs,I hate this clown-ass black man. I do not believe shithe says. Shaking my head. Laughing out loud. Real shit.
331,0.7153,"It's not about East or West. It's about niggaz and bitches, power & money, riders & punks. Whichside are you on? ~Makaveli~","It is not about east or west. It is about black men and bitches, power and money, and riders and punks. Whichside are you on? -Makavel"
1746,0.7123,I'm prob the only motherfucka on this planet that doesn't like hot doughnuts... Hate whenthe hot sign is on,I’m probably the only motherfucker on the planet that doesn’t like hot doughnuts. I hate whenthe hot sign is on.
954,0.7070,Y should i get suspended i didn't thro a puNch nothing just askher to cum out Side,"You should know I got suspended. I did not throw a punch, however. I just askedher to come outside."
1558,0.6978,"Ion fckk wit to many bxtchess ,cause these bxtch these dayss eithaa fakeor messy ,if not both","I like to keep my social circle small because of the superficial attitudes of many individualssome people I choose not to associate with are either dysfunctional, superficial, or both"
471,0.6961,Im goin to a wizards game real soon and slap randy whittman and sam cassel thefuck out this roster terrible,"I'm going to a Washington Wizards game soon, and I am upset that Randy Whittman and Sam Cassell arestill on the team. They are terrible"
633,0.6867,I really want to apologize to cuz that's wrong for me to come out my mouth and say big wildshit like that to her,"I really want to apologize too because that's wrong for me to have it come out of my mouth, and say big, wildshit like that to her"
1269,0.6850,But for real tho....if I find the nicca who brought Svedka to my cribima kick they ass out.,"But in reality though, if I find the person who brought Svedka to my house,I will kick their ass out"
946,0.6752,"Niggas are hilarious.. They scream ""i like bad bitches"" and kids mothers look like a pennywit a whole in it..""ha!!!","People are hilarious. They scream, \""I like bad bitches\"" and their mothers look like a pennywith a hole in it. I'm laughing"
1164,0.6701,"""meek mill rap like he came home n saw all his shiton da porch"" JSJSKSKSKSKSJJDDHH LMFAOOOOOOOOOOOO",He was rapping and when he arrived home he saw all of his belongings.They were on the porch
120,0.6694,She gonna have to make a decision right then and there...Kiss in mouth withass grab...or no snow shovel...,She is going to have to make a decision right then and there. Kiss on the mouth withan ass grab...or no snow shovel.
1110,0.6647,Yall do know mogs doing cuffing season for they 10th year str8 is doing thisALL THEE fuck wrong right?,"You all do know guys are doing cuffing season for their 10th year straight is doing thisall the fuck wrong, right"
709,0.6571,Ppl watching downtown has to be some of the funniest shitu can do down here.,"When you're downtown, people watching is fun.  You can see some funny things down there if you want to"
1192,0.6482,"Missed out on my whole lil ""break"" cause this broad grown ass in here sharpeningpencils like it's her job",Missed out on my whole first break because this woman was in here sharpeningpencils like it was her job
479,0.6466,u aint gotta pay dat high ass price if u use (she like a Master in Taxcuz her degrees say so),You don't have to pay such a high price for help with your taxes. She is qualified.She went to school and has a degree
887,0.6366,"Happy Founders Day to the Brothers of Blue Phi or as Icall them my ""siggies"" !!!!!","Happy Founders Day to the brothers of Blue Phi or as Icall them, my \""siggies!\"
1017,0.6331,if u got sumthin to say bout my child tell me nd not da net BC BYTCHU NEED UR ASS BEAT,"If you have something to say about my child, tell me and not the Internet because bitches,you need your asses beat"
1294,0.6263,"Don't invite me over your house if you don't have AC..""realshit imastand yo ass up everytime","Don't invite me over to your house if you don't have air conditioning. Seriously, I'm going tolet you down every time"
287,0.6164,Nah people are too quick with these things they must have people on stand-by waiting for celebrities to fuck up sothey can pic stitch it,"No. People come too quickly to these things. They must have people on stand-by, waiting for celebrities to fuck up so They can pick it apart"
543,0.6142,"These bitches get around. Even the ones you swore didn't, they do too.""Can'tput sht past these hoes","These bitches get around. Even the ones you swore didn't, they do too.\"" I can'tput shit past these hoes"
139,0.6108,Kelly is a Fast ass Heffa...and we love it! Let her set dat poon out...We lovingher direction right now lol,Kelly is a fat ass heifer...and we lover it! Let her show her crotch...We are lovingher direction right now. Laugh out loud.
1309,0.6082,I hear him in the background talkin I jus put a big ass coolaid smile on my face,I can hear him in the background talking and it just put a big kool-aid smile on my face
165,0.6059,"I'm convinced dat Hova lack of thirst, own bread, style nshit made her look over his camelface. Chicks are less shallow...","I'm convinced that Jay-z's lack of desire, own finances and style and such made her overlook his camel-face. Women are less shallow."
1460,0.6048,It's no fuckin way I'd be driving a 06 range rover WITH PAYMENTS just to say I gottarange rover. Nigga are stupid,There is no way I would drive a 2006 Range Rover with payments just to be able to say that I have aRange Rover. That's stupid
967,0.6027,Seen Vicki tonight! I love her & Tyrina! & Toya &Jasmine & Krystal crazy asses!!,I'm seeing Vicki tonight! I love her and Tyrina and Toya andJasmine and Krystal! They are all crazy
275,0.6020,If you have drugs in your car keep your scary ass off the road in the morning... I don't have time to be drivingslow bc I'm behind you,If you have drugs in the car do not drive in the morning. I don't have time to be drivingslow down because I am behind you
2013,0.6003,"""Act right"" who say that wack sHit these niggas wack don't do my west coastmusic u lame motha fuckers","\""Act right\"" - who says that nonsense? These people are crazy. Don't do my West Coastmusic, you lame motherfuckers."
1134,0.5930,"Ihate everything about moving"" yesss me 2""the freakn worst"" it will bover b4 u no it","\""I hate everything about moving.\"" \""Yes, me too.\"" \""The freaking worst.\"" It will beover before you know it"
375,0.5900,these niggas b saying they Heroz false flagging ass Niggaz y'all ain't from crescent. No whodon't like that. Run it,They think they are heroes and it's hard to convince them otherwise. They don't like that.
1003,0.5858,Sometimes i think you were you raised on a farm Cause you sholl know howto raise a cock. lmmfao,"Sometimes I think you were raised on a farm, because you should know howto raise a cock. Laughing my motherfucking ass off."
17,0.5803,My onli wish my nigga keith was here to kill shyt I been on some fuckthe world shyt lately nbs,My only wish is that my friend Keith was here to kill things. I have been down and depressedabout everything lately
755,0.5721,I need 2 put my dam case on my phone iPonelike a new born :-(,I need to put my damn case on my phone. My iPhone is like a newborn.
1024,0.5698,I want ppl to understand I kirk because I hate weak and raggedy bitches not more so raggedy buthow they carry them sleeves,"I want people to understand that I go crazy because I hate weak and raggedy bitches, not so much raggedy, buthow they carry themselves"
1255,0.5639,"If Zimmerman walks, black people will be mad 2 days then will forget all about it.Fake ass civil rights activist","If Zimmerman walks, black people will be mad for two days then forget all about it.Fake civil rights activists"
1347,0.5603,This country is foolish when it comes to our justice system and morals! We care more about freaking animals morethe we do human beings!,This country is foolish when it comes to our justice system and morals! We care more about freaking animals morethan we do human beings!
497,0.5594,These Babies are the Crack Babies Babies...and even my professional problem solving ass don't knowwhere to begin 2 help,"These children, are the children of parents whose parents were on drugs, and even though I have professional problem solving experience, I don't knowhow to begin to help them"
1253,0.5573,I hate when my nigga spend the night I'm always no sleep game dating fatniggas Tuh damn stop snoring,"I hate when my friends spend the night- I'm prefer having no sleep, dating fatpeople that don't ever damn stop snoring"
1340,0.5447,"Black ppl gotta have a cover charge, high ass drink prices, cover chargegoes up every 5 minutes..",Black people got to have a price to get in and very high drink prices.  The price to get ingoes up every five minutes
1202,0.5398,It crazy why ppl say that gt sme good but 2week later tht fuckin that friend yea she a hoe Dnt kissher cuz that a hoe,"It's crazy that people say that they have good sex, but two weeks later after fucking that friend, \""Yeah, she's a whore. Don't kissher because that's a whore.\"
1910,0.5329,Wowww really sum niggaz do the most....unloyal aint the word to it...then u wonderin why nobody reallyfucks wit you....straight played out,"Wow, some guys are really unpleasant... Being disloyal can't even describe what they do... Then they wonder why nobodylikes them... So lame."
352,0.5320,"S/o to all the niggas that got ""Goin Steady"" as their ringtone for they side bitches...","Shout out to all the men that have \""going steady\"" as their ringtone for their side bitches.."
1932,0.5209,", BROKE hoes will never get it TRYING to argue w / Me over a DICK catch your LIFE beforeit falls out the WINDOW",Broke women will never get anywhere trying to argue with me over a man. Catch your life beforeit falls out the window
1365,0.5040,"My *** been hustling tryna make him somethin, aint no tellin what he'll do for the paper.... This song is dumbbut i be boppin lol","I have been working like crazy trying to make him something, but there is not telling what he will do for the paper. This song is dumbbut it sounds good"
1941,0.5025,Never understood why 7 make their standard jeans with Buttons.... Wtf imma do ifi gotta piss real bad,Why do they use buttons instead of zipper on this model of jeans. I have to pee and it makes it harder
